{"flutter":{"platforms":{"android":{"default":{"projectId":"flutter-learn-app-8805e","appId":"1:733591829128:android:1a65763d207f2d86ea7d3d","fileOutput":"android/app/google-services.json"}},"dart":{"lib/firebase_options.dart":{"projectId":"flutter-learn-app-8805e","configurations":{"android":"1:733591829128:android:1a65763d207f2d86ea7d3d","ios":"1:733591829128:ios:75fd3507e0bbd2fbea7d3d","macos":"1:733591829128:ios:75fd3507e0bbd2fbea7d3d","web":"1:733591829128:web:d8040368980bfdf5ea7d3d","windows":"1:733591829128:web:1eb129d8154d42cbea7d3d"}}}}}}