{
  "project_info": {
    "project_number": "733591829128",
    "project_id": "flutter-learn-app-8805e",
    "storage_bucket": "flutter-learn-app-8805e.firebasestorage.app"
  },
  "client": [
    {
      "client_info": {
        "mobilesdk_app_id": "1:733591829128:android:1a65763d207f2d86ea7d3d",
        "android_client_info": {
          "package_name": "com.flutter_learn_app.flutter_learn_app"
        }
      },
      "oauth_client": [],
      "api_key": [
        {
          "current_key": "AIzaSyCmb52iFrGoEx3jEdKnQq9orNhEJZgOpvI"
        }
      ],
      "services": {
        "appinvite_service": {
          "other_platform_oauth_client": []
        }
      }
    }
  ],
  "configuration_version": "1"
}